condition,metric,metric_role,n_subjects,mean_delta_condition_minus_clean,delta_ci_low,delta_ci_high,median_delta_condition_minus_clean,median_delta_ci_low,median_delta_ci_high,cohens_dz,cohens_dz_magnitude,n_worse_than_clean,pct_worse_than_clean,n_better_than_clean,pct_better_than_clean,sign_test_p_value_bh_fdr,evidence_flag
channel_dropout_0.1,brier_score,calibration,10,0.13495176845659487,0.042932622954403254,0.2269709139587865,0.1542353696199474,0.006489316099973885,0.23785392971422498,1.0491151489347397,large,8,0.8,2,0.2,0.23863636363636365,descriptive_or_not_fdr_significant
channel_dropout_0.2,brier_score,calibration,10,0.15092811741749007,0.039272146934169264,0.2625840879008109,0.16102343967561306,0.0019096367024418748,0.2639811766195655,0.9669654979702235,large,8,0.8,2,0.2,0.23863636363636365,descriptive_or_not_fdr_significant
channel_dropout_0.3,brier_score,calibration,10,0.15908527597637845,0.048868993321148704,0.2693015586316082,0.16936366838572575,0.005539524757772252,0.2554586796422415,1.032540275051197,large,8,0.8,2,0.2,0.23863636363636365,descriptive_or_not_fdr_significant
channel_dropout_0.5,brier_score,calibration,10,0.16104005580645125,0.04861488037319568,0.27346523123970684,0.18102843448590406,0.013594382727003584,0.275332699927052,1.0246914502476234,large,8,0.8,2,0.2,0.23863636363636365,descriptive_or_not_fdr_significant
reduced_montage_motor_core,brier_score,calibration,10,-0.09198231202859539,-0.1912802057121294,0.007315581654938605,-0.09198143456248269,-0.15976151629324492,-0.019435592241498906,-0.6626543594823051,medium,2,0.2,8,0.8,0.23863636363636365,descriptive_or_not_fdr_significant
reduced_montage_motor_extended,brier_score,calibration,10,-0.10594712605553333,-0.1740513864675659,-0.03784286564350074,-0.10062168789123055,-0.15571870585111863,-0.026908065242205736,-1.1128526737246502,large,2,0.2,8,0.8,0.23863636363636365,descriptive_or_not_fdr_significant
channel_dropout_0.1,ece,calibration,10,0.10226994548939179,0.0026065968976996118,0.20193329408108396,0.1134388572781801,-0.035301740022219974,0.1821098325469248,0.7340663625381972,medium,7,0.7,3,0.3,0.4125,descriptive_or_not_fdr_significant
channel_dropout_0.2,ece,calibration,10,0.11241253843173518,-0.005680452354146076,0.23050552921761644,0.11817082134781692,-0.05615763666731566,0.2052055396191959,0.6809471514752138,medium,7,0.7,3,0.3,0.4125,descriptive_or_not_fdr_significant
channel_dropout_0.3,ece,calibration,10,0.12038299472692726,0.0013395335150344356,0.2394264559388201,0.11546096300217895,-0.046890834927402536,0.21332703185535673,0.7234064413336645,medium,7,0.7,3,0.3,0.4125,descriptive_or_not_fdr_significant
channel_dropout_0.5,ece,calibration,10,0.12218458091368886,0.002229320437787091,0.24213984138959063,0.12836783211900596,-0.057229222560534865,0.2191168427316872,0.7286515273525499,medium,7,0.7,3,0.3,0.4125,descriptive_or_not_fdr_significant
reduced_montage_motor_core,ece,calibration,10,-0.08311481425542738,-0.19492042821298677,0.028690799702131994,-0.0710947182835843,-0.25301357976015565,0.04583064190949421,-0.5317868599036394,medium,3,0.3,7,0.7,0.4125,descriptive_or_not_fdr_significant
reduced_montage_motor_extended,ece,calibration,10,-0.09486248433884091,-0.16364843354087605,-0.026076535136805787,-0.08756846292839753,-0.18219805479667117,-0.02019065825696159,-0.9865464397388315,large,2,0.2,8,0.8,0.23863636363636365,descriptive_or_not_fdr_significant
channel_dropout_0.1,roc_auc,primary,10,-0.07040000000000005,-0.13870062341346515,-0.0020993765865349456,-0.07600000000000007,-0.13249999999999995,-0.03500000000000009,-0.7373450440630445,medium,9,0.9,1,0.1,0.23863636363636365,descriptive_or_not_fdr_significant
channel_dropout_0.2,roc_auc,primary,10,-0.11435,-0.223200021771211,-0.005499978228788963,-0.13525000000000004,-0.2479999999999999,-0.028000000000000025,-0.7515024881637689,medium,9,0.9,1,0.1,0.23863636363636365,descriptive_or_not_fdr_significant
channel_dropout_0.3,roc_auc,primary,10,-0.12335000000000003,-0.23832791325367372,-0.008372086746326335,-0.14700000000000008,-0.23849999999999993,-0.07650000000000007,-0.7674454323831811,medium,8,0.8,2,0.2,0.23863636363636365,descriptive_or_not_fdr_significant
channel_dropout_0.5,roc_auc,primary,10,-0.13470000000000004,-0.2658326370562176,-0.0035673629437824317,-0.1470000000000001,-0.27049999999999996,-0.032999999999999974,-0.7348176426356688,medium,8,0.8,2,0.2,0.23863636363636365,descriptive_or_not_fdr_significant
reduced_montage_motor_core,roc_auc,primary,10,0.03599999999999996,-0.10394529749780333,0.17594529749780324,0.02999999999999997,-0.06,0.1399999999999999,0.18402082153098528,negligible,4,0.4,6,0.6,0.7866847826086957,descriptive_or_not_fdr_significant
reduced_montage_motor_extended,roc_auc,primary,10,0.11099999999999999,0.004443566032892268,0.21755643396710772,0.08499999999999996,0.0,0.15000000000000002,0.7451883814660569,medium,2,0.2,7,0.7,0.359375,descriptive_or_not_fdr_significant
channel_dropout_0.1,balanced_accuracy,secondary,10,-0.10165000000000002,-0.22885732478249443,0.025557324782494395,-0.13274999999999998,-0.259,0.05299999999999999,-0.5716339811111636,medium,7,0.7,3,0.3,0.4125,descriptive_or_not_fdr_significant
channel_dropout_0.2,balanced_accuracy,secondary,10,-0.11010000000000002,-0.25782373185042523,0.03762373185042518,-0.11875000000000002,-0.273,0.07750000000000001,-0.5331627786598155,medium,6,0.6,4,0.4,0.7866847826086957,descriptive_or_not_fdr_significant
channel_dropout_0.3,balanced_accuracy,secondary,10,-0.1186,-0.266024839959428,0.028824839959427986,-0.14375000000000002,-0.28350000000000003,0.08500000000000002,-0.5754886969622592,medium,7,0.7,3,0.3,0.4125,descriptive_or_not_fdr_significant
channel_dropout_0.5,balanced_accuracy,secondary,10,-0.12035,-0.270583092422309,0.02988309242230898,-0.14575000000000005,-0.29000000000000004,0.08000000000000002,-0.5730641781077057,medium,6,0.6,4,0.4,0.7866847826086957,descriptive_or_not_fdr_significant
reduced_montage_motor_core,balanced_accuracy,secondary,10,0.025499999999999978,-0.09786824794327166,0.1488682479432716,0.012499999999999928,-0.05500000000000005,0.15000000000000002,0.14786301504938257,negligible,5,0.5,5,0.5,1.0,descriptive_or_not_fdr_significant
reduced_montage_motor_extended,balanced_accuracy,secondary,10,0.08149999999999999,0.0037365766683682827,0.15926342333163168,0.09749999999999998,-0.02499999999999991,0.11499999999999999,0.7497302116957333,medium,3,0.3,7,0.7,0.4125,descriptive_or_not_fdr_significant
