condition,stressor,montage,dropout_fraction,metric,metric_role,n_subjects,clean_mean,condition_mean,mean_delta_condition_minus_clean,delta_ci_low,delta_ci_high,median_delta_condition_minus_clean,median_delta_ci_low,median_delta_ci_high,delta_sd,cohens_dz,t_statistic,t_p_value,wilcoxon_statistic,wilcoxon_p_value,sign_test_p_value,shapiro_p_value_delta,n_worse_than_clean,pct_worse_than_clean,n_better_than_clean,pct_better_than_clean,t_p_value_bh_fdr,wilcoxon_p_value_bh_fdr,sign_test_p_value_bh_fdr
channel_dropout_0.1,channel_dropout,all_channels,0.1,roc_auc,primary,10,0.655,0.5846,-0.07040000000000005,-0.13870062341346515,-0.0020993765865349456,-0.07600000000000007,-0.13249999999999995,-0.03500000000000009,0.0954776879113067,-0.7373450440630445,-2.3316897606764346,0.04462348023580023,8.0,0.048828125,0.021484375,0.08173995061534789,9,0.9,1,0.1,0.07673861960356211,0.078125,0.23863636363636365
channel_dropout_0.1,channel_dropout,all_channels,0.1,balanced_accuracy,secondary,10,0.625,0.5233500000000001,-0.10165000000000002,-0.22885732478249443,0.025557324782494395,-0.13274999999999998,-0.259,0.05299999999999999,0.17782357830164142,-0.5716339811111636,-1.807665368260946,0.10411924252370336,12.0,0.130859375,0.34375,0.8049042846721253,7,0.7,3,0.3,0.12494309102844403,0.16529605263157895,0.4125
channel_dropout_0.1,channel_dropout,all_channels,0.1,brier_score,calibration,10,0.3121881447961391,0.447139913252734,0.13495176845659487,0.042932622954403254,0.2269709139587865,0.1542353696199474,0.006489316099973885,0.23785392971422498,0.12863389552007085,1.0491151489347397,3.31759339842055,0.008974657464076843,5.0,0.01953125,0.109375,0.8272059955389567,8,0.8,2,0.2,0.054478771709641875,0.06696428571428571,0.23863636363636365
channel_dropout_0.1,channel_dropout,all_channels,0.1,ece,calibration,10,0.3604269633262299,0.46269690881562175,0.10226994548939179,0.0026065968976996118,0.20193329408108396,0.1134388572781801,-0.035301740022219974,0.1821098325469248,0.13931975460062054,0.7340663625381972,2.321321659335603,0.04538749420083205,8.0,0.048828125,0.34375,0.8519966638805563,7,0.7,3,0.3,0.07673861960356211,0.078125,0.4125
channel_dropout_0.2,channel_dropout,all_channels,0.2,roc_auc,primary,10,0.655,0.5406500000000001,-0.11435,-0.223200021771211,-0.005499978228788963,-0.13525000000000004,-0.2479999999999999,-0.028000000000000025,0.1521618381855319,-0.7515024881637689,-2.376459529881238,0.04146763086009337,7.0,0.037109375,0.021484375,0.6452599832268976,9,0.9,1,0.1,0.07673861960356211,0.078125,0.23863636363636365
channel_dropout_0.2,channel_dropout,all_channels,0.2,balanced_accuracy,secondary,10,0.625,0.5149,-0.11010000000000002,-0.25782373185042523,0.03762373185042518,-0.11875000000000002,-0.273,0.07750000000000001,0.2065035377689959,-0.5331627786598155,-1.686008744189233,0.12607290813793484,14.0,0.193359375,0.75390625,0.7625150888251039,6,0.6,4,0.4,0.13847078031231128,0.22098214285714285,0.7866847826086957
channel_dropout_0.2,channel_dropout,all_channels,0.2,brier_score,calibration,10,0.3121881447961391,0.46311626221362917,0.15092811741749007,0.039272146934169264,0.2625840879008109,0.16102343967561306,0.0019096367024418748,0.2639811766195655,0.15608428401458613,0.9669654979702235,3.0578133923848303,0.013619692927410469,5.0,0.01953125,0.109375,0.8128767975788976,8,0.8,2,0.2,0.054478771709641875,0.06696428571428571,0.23863636363636365
channel_dropout_0.2,channel_dropout,all_channels,0.2,ece,calibration,10,0.3604269633262299,0.4728395017579651,0.11241253843173518,-0.005680452354146076,0.23050552921761644,0.11817082134781692,-0.05615763666731566,0.2052055396191959,0.16508261792152742,0.6809471514752138,2.1533439648653623,0.05971085269476931,10.0,0.083984375,0.34375,0.8410206616425859,7,0.7,3,0.3,0.08956627904215397,0.11856617647058823,0.4125
channel_dropout_0.3,channel_dropout,all_channels,0.3,roc_auc,primary,10,0.655,0.53165,-0.12335000000000003,-0.23832791325367372,-0.008372086746326335,-0.14700000000000008,-0.23849999999999993,-0.07650000000000007,0.160728039799463,-0.7674454323831811,-2.426875546223596,0.03817769643508408,8.0,0.048828125,0.109375,0.26236212464967434,8,0.8,2,0.2,0.07673861960356211,0.078125,0.23863636363636365
channel_dropout_0.3,channel_dropout,all_channels,0.3,balanced_accuracy,secondary,10,0.625,0.5064,-0.1186,-0.266024839959428,0.028824839959427986,-0.14375000000000002,-0.28350000000000003,0.08500000000000002,0.2060857157161122,-0.5754886969622592,-1.8198550500831625,0.10212673701222674,11.0,0.10546875,0.34375,0.6522666484528006,7,0.7,3,0.3,0.12494309102844403,0.140625,0.4125
channel_dropout_0.3,channel_dropout,all_channels,0.3,brier_score,calibration,10,0.3121881447961391,0.4712734207725175,0.15908527597637845,0.048868993321148704,0.2693015586316082,0.16936366838572575,0.005539524757772252,0.2554586796422415,0.15407173920503048,1.032540275051197,3.2651790450185136,0.009757611540811005,5.0,0.01953125,0.109375,0.8588049455586617,8,0.8,2,0.2,0.054478771709641875,0.06696428571428571,0.23863636363636365
channel_dropout_0.3,channel_dropout,all_channels,0.3,ece,calibration,10,0.3604269633262299,0.4808099580531572,0.12038299472692726,0.0013395335150344356,0.2394264559388201,0.11546096300217895,-0.046890834927402536,0.21332703185535673,0.16641128395952687,0.7234064413336645,2.287612028651355,0.04796163725222632,8.0,0.048828125,0.34375,0.8742351813375764,7,0.7,3,0.3,0.07673861960356211,0.078125,0.4125
channel_dropout_0.5,channel_dropout,all_channels,0.5,roc_auc,primary,10,0.655,0.5203,-0.13470000000000004,-0.2658326370562176,-0.0035673629437824317,-0.1470000000000001,-0.27049999999999996,-0.032999999999999974,0.18331078649235139,-0.7348176426356688,-2.323697415604367,0.0452112964522384,8.0,0.048828125,0.109375,0.8544041719914892,8,0.8,2,0.2,0.07673861960356211,0.078125,0.23863636363636365
channel_dropout_0.5,channel_dropout,all_channels,0.5,balanced_accuracy,secondary,10,0.625,0.50465,-0.12035,-0.270583092422309,0.02988309242230898,-0.14575000000000005,-0.29000000000000004,0.08000000000000002,0.21001138196668187,-0.5730641781077057,-1.8121880482727508,0.10337578748491563,13.0,0.16015625,0.75390625,0.6953000916540756,6,0.6,4,0.4,0.12494309102844403,0.19218749999999998,0.7866847826086957
channel_dropout_0.5,channel_dropout,all_channels,0.5,brier_score,calibration,10,0.3121881447961391,0.4732282006025903,0.16104005580645125,0.04861488037319568,0.27346523123970684,0.18102843448590406,0.013594382727003584,0.275332699927052,0.15715955838953752,1.0246914502476234,3.240358881683598,0.01015282311363367,5.0,0.01953125,0.109375,0.7754059545056138,8,0.8,2,0.2,0.054478771709641875,0.06696428571428571,0.23863636363636365
channel_dropout_0.5,channel_dropout,all_channels,0.5,ece,calibration,10,0.3604269633262299,0.4826115442399188,0.12218458091368886,0.002229320437787091,0.24213984138959063,0.12836783211900596,-0.057229222560534865,0.2191168427316872,0.16768589144062993,0.7286515273525499,2.3041984469945374,0.04667759776859859,7.0,0.037109375,0.34375,0.7780540456334678,7,0.7,3,0.3,0.07673861960356211,0.078125,0.4125
reduced_montage_motor_core,reduced_montage,motor_core,0.0,roc_auc,primary,10,0.655,0.6910000000000001,0.03599999999999996,-0.10394529749780333,0.17594529749780324,0.02999999999999997,-0.06,0.1399999999999999,0.19563003632139697,0.18402082153098528,0.5819249329332671,0.574902093294774,22.5,0.642578125,0.75390625,0.7721038907281588,4,0.4,6,0.6,0.5998978364815033,0.642578125,0.7866847826086957
reduced_montage_motor_core,reduced_montage,motor_core,0.0,balanced_accuracy,secondary,10,0.625,0.6505000000000001,0.025499999999999978,-0.09786824794327166,0.1488682479432716,0.012499999999999928,-0.05500000000000005,0.15000000000000002,0.17245691893597337,0.14786301504938257,0.4675839092558033,0.6511970216379626,21.0,0.556640625,1.0,0.8798107268629115,5,0.5,5,0.5,0.6511970216379626,0.5808423913043478,1.0
reduced_montage_motor_core,reduced_montage,motor_core,0.0,brier_score,calibration,10,0.3121881447961391,0.2202058327675437,-0.09198231202859539,-0.1912802057121294,0.007315581654938605,-0.09198143456248269,-0.15976151629324492,-0.019435592241498906,0.13880888386587548,-0.6626543594823051,-2.09549707740408,0.06559580693911754,10.0,0.083984375,0.109375,0.991039506671329,2,0.2,8,0.8,0.09260584509051888,0.11856617647058823,0.23863636363636365
reduced_montage_motor_core,reduced_montage,motor_core,0.0,ece,calibration,10,0.3604269633262299,0.27731214907080254,-0.08311481425542738,-0.19492042821298677,0.028690799702131994,-0.0710947182835843,-0.25301357976015565,0.04583064190949421,0.15629347116716633,-0.5317868599036394,-1.6816577070443706,0.12693154861961867,15.0,0.232421875,0.34375,0.3408218569255337,3,0.3,7,0.7,0.13847078031231128,0.25355113636363635,0.4125
reduced_montage_motor_extended,reduced_montage,motor_extended,0.0,roc_auc,primary,10,0.655,0.7659999999999999,0.11099999999999999,0.004443566032892268,0.21755643396710772,0.08499999999999996,0.0,0.15000000000000002,0.14895562351847538,0.7451883814660569,2.3564925713271436,0.042846895845596686,3.0,0.01953125,0.1796875,0.11480411111059835,2,0.2,7,0.7,0.07673861960356211,0.06696428571428571,0.359375
reduced_montage_motor_extended,reduced_montage,motor_extended,0.0,balanced_accuracy,secondary,10,0.625,0.7065,0.08149999999999999,0.0037365766683682827,0.15926342333163168,0.09749999999999998,-0.02499999999999991,0.11499999999999999,0.1087057700604915,0.7497302116957333,2.370855099598727,0.04185027406863097,6.0,0.02734375,0.34375,0.11961829995656426,3,0.3,7,0.7,0.07673861960356211,0.078125,0.4125
reduced_montage_motor_extended,reduced_montage,motor_extended,0.0,brier_score,calibration,10,0.3121881447961391,0.20624101874060577,-0.10594712605553333,-0.1740513864675659,-0.03784286564350074,-0.10062168789123055,-0.15571870585111863,-0.026908065242205736,0.09520319136308919,-1.1128526737246502,-3.5191491491781117,0.006524155184455656,3.0,0.009765625,0.109375,0.799131293156916,2,0.2,8,0.8,0.054478771709641875,0.06696428571428571,0.23863636363636365
reduced_montage_motor_extended,reduced_montage,motor_extended,0.0,ece,calibration,10,0.3604269633262299,0.265564478987389,-0.09486248433884091,-0.16364843354087605,-0.026076535136805787,-0.08756846292839753,-0.18219805479667117,-0.02019065825696159,0.09615612658229639,-0.9865464397388315,-3.1197337671047567,0.012323914533002904,4.0,0.013671875,0.109375,0.45325816484417303,2,0.2,8,0.8,0.054478771709641875,0.06696428571428571,0.23863636363636365
